{
  "@file": "Arabizi",
  "transliteration": [
    {
      "id": "ا",
      "text": "a"
    },
    {
      "id": "ب",
      "text": "b"
    },
    {
      "id": "ت",
      "text": "t"
    },
    {
      "id": "ث",
      "text": "t'"
    },
    {
      "id": "ث",
      "text": "th"
    },
    {
      "id": "ج",
      "text": "j"
    },
    {
      "id": "ح",
      "text": "7"
    },
    {
      "id": "خ",
      "text": "5"
    },
    {
      "id": "خ",
      "text": "7'"
    },
    {
      "id": "خ",
      "text": "kh"
    },
    {
      "id": "د",
      "text": "d"
    },
    {
      "id": "ذ",
      "text": "d'"
    },
    {
      "id": "ر",
      "text": "r"
    },
    {
      "id": "ز",
      "text": "z"
    },
    {
      "id": "س",
      "text": "s"
    },
    {
      "id": "ش",
      "text": "s^"
    },
    {
      "id": "ش",
      "text": "ch"
    },
    {
      "id": "ش",
      "text": "$"
    },
    {
      "id": "ش",
      "text": "sh"
    },
    {
      "id": "ص",
      "text": "S"
    },
    {
      "id": "ص",
      "text": "9"
    },
    {
      "id": "ض",
      "text": "D"
    },
    {
      "id": "ض",
      "text": "9'"
    },
    {
      "id": "ط",
      "text": "6"
    },
    {
      "id": "ظ",
      "text": "Z"
    },
    {
      "id": "ظ",
      "text": "6'"
    },
    {
      "id": "ع",
      "text": "3"
    },
    {
      "id": "غ",
      "text": "3'"
    },
    {
      "id": "غ",
      "text": "gh"
    },
    {
      "id": "ف",
      "text": "f"
    },
    {
      "id": "ق",
      "text": "8"
    },
    {
      "id": "ق",
      "text": "q"
    },
    {
      "id": "ك",
      "text": "k"
    },
    {
      "id": "ل",
      "text": "l"
    },
    {
      "id": "م",
      "text": "m"
    },
    {
      "id": "ن",
      "text": "n"
    },
    {
      "id": "ه",
      "text": "h"
    },
    {
      "id": "و",
      "text": "w"
    },
    {
      "id": "ي",
      "text": "i"
    }
  ]
}